Business Id	Name
0_6u_uhvLYGRt9YLtZLa9A	Pizzeria Luisenstube
0_PhTFpxw-wYuqYDMvniZg	Bray Head
0dLjH5zWnbJDukuM3iQYvg	Humanic Filiale
0EvzDoylgqvrEw8R5AqoRA	Club Kiwi
0GJhI55FYF_ELmm88stj3Q	Webdome Internetcafe 2
0gk2GChsoEbRYhb0Myf5fw	Kulturcaf� Gotec
0h64oEQLhlMrrsko7B1eNA	Sol i Luna Restaurant
0hyxpJFwjaeTunP0IX0KZA	Wochenmarkt
0J0FdaT-dhECIrnnlfQqqA	San Marco
0mqni7gWoWJ1H5dN4Wwzsg	Olymp
0nrEqOgqxqV00HLjnLuRIg	Karlsruher Verkehrsverbund KVV
0NWm7KorY2NDl9jAjZPTRw	Thai Orchid
0OTWK0GcabvOWfaqqJsBxw	Mersin Kebab-Pizza-Imbi�
0Q7ftIbv1r7Jiupuxi7WDw	Syrtaki
0SgsUyw0sQSpt6CSI73r6Q	Zum Elsternest
0tIwFdNA942oqnm47cnw4w	Watts Brasserie
0W3K89HZ6zkNg3AqBMq4Dw	Klenerts
0WiuRhBf8WQlr1UqFgKEXQ	Olive - das kleine Restaurant
1djuLQ8LqHHYcJnh0WDuyg	Swarovski
1FQtU5Wa-POL8Mfyc1uIpg	only highend
1FVEeqJv6V6decG4S4ZNFw	J�ger Biergarten
1jDHVggroVhQAKLdktUhug	Fai Sushi
1kvSE6sDMloFO9FeHlKmqw	�mit Supermarkt
1n5hiaLwfqWY9T6X8kdQCw	Glam Fashion Store
1quHOEjmPf2-M1au4E99YQ	Trimm-Dich-Pfad
1t-91ideKB7wTRRmqp3GUA	ActivSports
1TmQbb_tbgi-c81-Nh7XRQ	Hornbach
1vObhKVuXQF7YX5R6qxwVA	Rote Taube
2EKGrbf2_81MrtjKZeOTng	coffee fellows
2fS1ssXEmuXH7t2zNx_DZQ	Judy's Caf�
2hTbsev_7hF8Fyla0zoUAw	Nuraghe
2J6pdzKizFye435wkEcMpg	Vongruen
2L7zKmpJ20jFaH4oJ3zZxw	KIT-Bibliothek
2PlaD6xXItbxo0ZbjQ7iQg	Pizzeria Stella Maris
2QclfX_80Y4T2zZ-h0FlmA	Unterhaus Gastst�ttenbetriebs
2t-6PSu5S0sx_0d8Au7SZg	Eiscafe Fantasia
2x1USZcrV-1zrEDLzaX-lw	Bombay Palace
3BvclNio2VNl3aZv3JYSsQ	H&M - Men
3C70DNk7sa0KuRJu3zKiXQ	Pomodoro
3DiXqoaoni15N1eYkM31rA	Santo's
3Dk5qrbYaP7lCYyjmo0JRg	Mogogo
3hrqeq7BVC8RP3rJBgCcIA	Pizzeria Fliegender Italiener
3jaMO63QpH_3JgbkpwmVdg	MoccaSin
3LA8ABDMBZnlEnVMmJ-YIA	B�ckerei-Konditorei Visel
3M9El2CzdEeSJUuDzZkslg	Gro�mudder's B�ckerei und Kaffestube
3O0EjrfbFtc0VQ0QKoO9AA	La Cultura Del Caffe
3POAu53GjpkGdimWn_sWcQ	City Copyshop
3Rm2NlH_9Tp249DqicoeqQ	Maredo
3SD06vMXD5YxdQGiJ11imw	Walksches Haus
3uIRIs9Bs1ImPjfQp-lYoA	Lehner's Wirtshaus
3vhkvCQizEJqcPfdURBj3g	amici
4aPi5_R5cu2OLnsB0v7e-Q	real,- SB Warenhaus
4cFtvtuV0UQ3fTW1nN4_YQ	Waldseilpark
4fZtwMekeFdChOBQizz8Fg	Burger King
4jx3VMVyPW1gL_yoHcGSQw	Stefan Mathias Fuchs
4KDLhTvuO9lMyYndr-m5Lw	Botanischer Garten
4Khs0-ezl2mwtsW1NiNv0A	Media Markt
4lanRbZT3tZx9Gv63SO7kQ	Pizzeria Centrale
4lMdi_QR1JZ1PqEWVWQ0oA	DFS Deutsche Flugsicherung
4N3t84XBpdBk0b1D6d9oYw	Aral
4od9zZAKUnJ8XVnLP3XTfw	Sonnenbad
4qI8E_OhC1RsO4nRtim-cQ	Schnitzelparadies
4svxTJsNoi1P6zt93_sGTg	real,- SB Warenhaus
4uVg4Sjqd1g2cIUQYAp_Wg	Kleiner Gourmet
4vjxL_Mjgc8Mx0JYb0kCGQ	Alnatura
4Wv8jwjLXc5NmxDOfhHEPw	Kim's Laden
4xU89g2zEgAsLNjr5epnww	culinarico
4XZmBXSb-IvtkQ2nx_TQSg	Bambus-Garten
4yesmwc2ySsEetCAcDvv4Q	Pralina
5_iXaDB-1Y2hHYJZ9xtSMQ	Zahnarzt Rudolf Pacner
5bxJ4vlqgYcY4YphULphsQ	Heinz B��ler
5cOhs2bPeCMYA7OdQ3AOrQ	Gasthaus dBadisch
5jb7i9_803c0YejTudYzHA	Shanghai China Schnellrestaurant
5OSRQPqJQ0ilgw25wx_PIg	Baggersee Staffort
5VTBQov3GPKQ-dl-GW4JeA	Cafe Eukalyptus
5wfKnQS46yzNQSVfK0Cugg	Class D�ner & Pizzahaus R�ppurr
5wUave1meYwsd6UFdihW4w	Maiers Restaurant Am See
5xXr_KnqboB4SclCe9d9jg	Falafelhaus
6Ai-Uz3h9eC7UiaLvR-irA	ZEL Restaurant
6B1uanM3lvWBkwfnsrROdQ	En Vogue
6B2uNKnslhbSFfym3Tw4ZQ	Cafe Brahms
6dOjMBKFbK3bRju_n4Tmog	St. Vincentius-Kliniken gAG Medizinische Klinik I
6FAJctqkP0uwTWfSV3lDSQ	Kofflers Heuriger
6ffwWT-0iWLc7TnKkh-Nuw	Ssc Gastst�tte
6fYqoI-jc2qpBAGOyWC65A	Zum Laub
6G6T-7zxuPtAOLbt6SGwAg	Baumarkt Max Bahr GmbH & Co. KG
6KnkxYDRGirlePVnVTvD7A	Caf� Journal
6ofpfv6Bb4_KaUN3YoT8Ew	Wiener Feinb�ckerei Heberer
6S-7J-16S4hMEFSFfJpZBQ	OpenAir Kino-N�chte
6So-3mhNwaJwXVKZ2_nZfA	Egon von Neindorff
6tey1FM5BY4Noema-aDqwQ	Milchh�usle
6WbvAT9Il4Fi9egO4F2M5g	La Pizza
6yCm35snSRmCQqXI8MlYSw	Restaurant La Signora
7a2RrK3SYgMOEuJesKBZLA	Pizzeria Steinofen
7eiSjE-Q8Z9hJXkzfUYlhA	McDonald's
7GFd-ao4w7MzUDb-qz-ayg	Oishii
7i6DABDRnJ6soFGIy_2rvw	Stephanus Buchhandlung Paul Kaufmann u. Partner
7J75VLZKDJhCypKjUAcFXQ	Dr. med. Andreas Kist
7jt9kAnYOweq9y2I0uE1Dw	Moghul Mahal
7KaHhijkGVTvCBZ1hlV9Bw	Internisten Endokrinologische Praxis Carlo Sebastian Varma Zink
7NGxiZ5ya3FYIncTCU4jIA	Erna
7Sl1qWqsYO_K0Ah7btDzbA	Ristorante Schwanen
7sXsHuRzSFWoo6ajkk-ZsA	K-Punkt Kombil�sung Infopavillon
7VVJwBvw0NG-LCKZ_EuCoA	Staatliche Kunsthalle Karlsruhe
7xrdf_JJSbswG8hxChJ-KA	El Tequila
8BlSo_rH0CUlkpogYMeN8Q	Fischerheim Durlach
8btINBSesNjN9uZuUrJ09A	Stadtbibliothek Karlsruhe
8cfBkyIJsa3Ij25QnkDr7w	XtraX
8dVpiN5yCnpnhW3DL-2_uA	Landgasthof Hirsch
8E-1IU5PdnuitFwffFF0Wg	spliss - der fris�r
8FgK0h0Kh0BpxhaqDsjaZA	Rim Wang
8kAzpUJWlFx8HBc6cJZZ0g	Wirtshaus Wolfsbr�u
8KCsKouVZYtpRB0fniPrdg	MoccaSin Coffee
8NylphUnH1fJ3YLZq7Yreg	Dehner
8oHZnF6Z4EyPf4HyKWSZbw	Hotel Kaiserhof
8ouXXM4deqhSREG1QPXaFA	Flammerie Graf Zeppelin
8QhUXk_Y89rMmQHzzBLNBQ	Gasthof Tannweg
8R57IiGUkoq6A9DSEmJRcQ	Zur Tr�nke
8rtzGl1pt3YrICBum8cRxA	Restaurant Piro
8WUOay5hclm0wjKGCRm7Sw	Caf� Creativ Cuisine
8ZGrdBf9yv0hJt1aZgX7dA	Jet Tankstelle
8zLDRM77DWRps7k2hnoOPA	Poseidon
9hws9grDsZHAnhWEl_RICA	The Rock Kletterzentrum Karlsruhe
9HZiyUyDcZl5WCA248mAJA	Imbi� & Bistro Dersim
9jSE6VWYhI_4NRwoXRQQ4w	Dr. Kaffee
9O13j4NIYBkZVfInk6FDEA	Restaurant Weinhaus Steppe
9rCNYbOnBGKnn1otAa8nyw	Gr�ner Krebs
9rz7hggrbeIOg1FcQa_uwQ	Borsalino
9sR3wYRz9WxCCCt4Br-T3g	Hartmaier's
07PyHL0ClNT5ZQaD6mLTWQ	POSTGALERIE
14FahioZzo_F5LlscNzcUw	Saray Kebap
14qE5P0ZtWe782tWQYwCcw	Herrmannsh�usle
16SuskmvewU0N3J4GdgLUQ	Bauer Portrait Atelier
18QdyaHkxw-DR-lLAzWpAA	Albtherme
19o_H_ZodCiXvn_gxsPO6w	Kinderspielplatz am Turmberg
22yGKqF09XSoZ49A9E209g	Das Fest
24n6GyhkXVcQGL-LZxOshw	Carambolage
24nfW5gDvX9ot2hT9rf6xg	Coffee Boxx
30JWFF7VjyHnMpNGIp-fnQ	Martina Zimmermann-Brase
35Znve8wyIqKcGRJ3vVdLA	Padellino
39zkau4YW8ovL3zUS10SAA	Restaurant Abrahams
41tFQSXt68OyPDbm3GAQdQ	Bangkok Foodland
43A2uNd1EDp_tZGAzcl0AA	Beyti
51tbyswAGxdw9mN5qrPGeA	Nat-Pob
68zFUO8bfLmGwZePLyguuA	Thalia
69-bzg2RpU2mi9T79u6nUg	Gasthaus Adler Rheinstetten
92bAvTJN_wKOUwygwAAlQw	Rasselfisch
95u9HmF30qffQtFXQphWyA	Kunstmarkt Boss
96-0tsLAkE3xC0eZ7Jsu_g	Wirtshaus zum Schwanen
96DyV1HhsRRPkFIN4zfzPQ	Dr. Stephan Kaut
081EZ8AIZ4QWVaYl_1wUCw	Cafe Carr�
126Dmjf_NJs6OJ3ttI-J5Q	McDonald's
195hVRlAgcgMNNt8Ttdu8g	Badische Landesbibliothek
516cVatYZRqXcHEdfSTasw	Caf� Am Markt
0123BsbSufx_cKhbbVWmIQ	Rintheimer Stuben im Tsv
9107Qw2zL_zIoLR9acqnag	Kindersecondhandladen Durlach
_8DkBpvIb05yeT2bHsrBMQ	St�dtisches Klinikum Karlsruhe gGmbH
_8tUKyMRMMt1YSlac04eqg	Schiffsrestaurant Vater Rhein
_9sV86cPngkNrrkrTTvlEw	Restaurant Kaiserhof
_BTySD9rDdvEH5ftVE4adQ	Primark
_C9P5NuoOEMP5sSqDdHEJA	La Dolce Vita
_CEgkUvPLL-omIutKaWs5Q	Chiang Mai
_De17jwK6Frt8stTulbEeA	Dr. Nelis
_DQPv4T8dGJTUOXovR0lrg	Dorfsch�nke
_DzuCQGb8J091N0PRo4EmQ	Argo
_Fi4b5lYGsKhI4iCw7j_BQ	Rote Sonne China Schnellrestaurant
_J9JwsqYf1hKdtsE7A9OnA	Kofflers Wiener Beisel
_kcI4I_l3tMJfh7BnBoAYQ	KaffeeBasis
_lhblpeTBbfG3TnWLLEGBw	F�nf Sterne
_PWHhThtFJRf7oEnP6w82Q	Kashka Diakonisches Werk Karlsruhe
_sWP2LkDml6bE9nKB3MUPg	Drs. Fritz O�wald, Ina Reitenbach-Blindt, Franz Schwan, David
_TgKU9RQ10RfdZz8CSGEGQ	B�ckeler
_v0l_NYqRLE12GJMflm4Zg	Ph�
_w_wNs6zkvMNZWu43nVbmg	Christ Juweliere und Uhrmacher seit 1863
_WxiLrlNpPuERam8YuQ-dg	Da Giovanni
-3Qu8aYgOleRw-OThNPovA	Sole d' Oro
-6NaBMeSXBnY7j9p7sdPhw	Brauhaus 2.0
-8YUIv3tK0Ui1G8KA5c9zA	Hotel-Restaurant Erbprinz
-bSXOBQQMFS93NGm5j-VkA	La Medusa
-czvRRDB6tTlo6HUzBTMwg	Staatliche Majolika Manufaktur Karlsruhe
-D1hveyCgKKdTSczvU0IRA	Senci Kurzwaren
-FknImM3ehQDq2yVCCjnGQ	Ohne Gleichen
-jphOPBtUgPuhnvHVDPBVg	Djh Jugendherberge Karlsruhe
-Lhy7f1zlTNr08lBiWb_Wg	Saigon Wok
-TFEXcfgracI_wMtman35A	o2 Shop
-u_0NiWheH6iz8ONMDv-og	Papa Corleone
-uEWETyry6mI6Jaq-nfucw	Hans im Gl�ck
-xK-9VwI0WbIdyme7N_0MA	Antalya
-yS-eOYb9q88ffWwVVFzng	Apotheke im Scheck in Center
-YUFxZVqO5i-LlqVjsGwPQ	Rad & Tat Fahrradhandlung
A0g1MhXHME3C1yxc4PCxhA	Pizza Hut
a1LTUTyHEe4z63KGiaSuog	Scheck- in Center
A2aS1RVe9nM-CiLa0vN69w	Wirtshaus Zur Rose
A7W9XAwUZ4wlZjAsG6c-Cg	Pizzeria Strau�
A7Zrif-apG0Lt6ml1bXSsg	Naturversand Kirschke
A-DrNFzlaynJgnPtu8LBMw	Le Restaurant
AAaF8hc_KTjhi-2HzWdsRg	Hagsfelder Stuben
AaTTeaibNRevU2o_JbiYOg	me-di-kom Privatinstitut f�r medizinische und psychologische Bil
ac8dhJhjJgan5T-_KHu_9w	Romulus et Remus
acPzIK1f3vybPlnjE1hWKQ	Hans Gulyas
acyHuDT1T7naRmWDVfDhXg	Marianne's Flammkuchen
aePFUnoAYbi7uij8k4KFxA	C & A Mode
agkUtfCYDPnLmxcFL54r5w	RetroGames
ah-Czxz576_ZTtbetYmwNw	Werner Dr. Dr. dent. und Schierle Prof. Dr. Dr. dent.
aM0RwIaM3IRrCb4mtLwPig	Cielo
APr27c-qEfk7RGCPFE_tug	Bep Xua
AThVusdWIYLmXMCVFN5n2w	El Tesoro
aUFag1TNdmAQYoqVRk-ziQ	La Terazza
AvC6wcZ_BJFqLP3KtnU1Yw	Yangda
aWPbsy9tBGrixT9N0jJ2-w	SVK Beiertheim
B3gjclBEA5cL4TooZUjYkw	K�hler Krug Familienbrauerei
b3mFMG1zjCscknRPPvzmrA	Z10
B4f4wksmcqYTFh4eESm3Kg	Osteria Carr�
b4TLYjfO6iiY0bZEnm3uzA	La Capannina
B8N9wQBMktl0qwz3-22n6w	Autohaus Am Durlacher Tor
b3051J8Ii1485ZOJBYVzhQ	Schlosscaf�
BbAr92cLCT-KapUEuzfn9A	Akropolis
bBBmsMx5uLVC82Si8FE_XA	Ambulanter Pflegedienst Gerber Wojtek Gerber
BD5L_swLr5x6NFh7nzWEJA	Trattoria la Piazza
Be3UQjMhbQDxRnmYu0pAMw	Goldenes Lamm
beCsTM1YSCFHoGqzjjQewQ	zicaffe Point
bemaKNgSiq2pWvfUCmK6Zw	Hair 'N' More
bgBafNxzbhvsC4GAivwWtQ	Parkdeckzehn
BGZHzaRaOuxbBPAKxmnkZw	atelier B:
bH4FuprJUD5eEMzwzO06yg	J�gerstube
bhwbuKiu0f6FdhAx6_hgVQ	REWE
bi7VIc7INLhKaYZqBJR_8Q	Jin-Palast Chinarestaurant
bm8_IYhdxx20XFWYCHYrSg	Zum kleinen Ketterer
Bo8T_i8a76dZZfuFVo_O0g	Rosenbaum
BOfs0NbVsCSiBAo1jb1Tvw	Comestibles Espana
BPY-04VxlC60qxww38dFTQ	Endle
bqcemu1Y-ZTX8haoRqQQog	Der Vogelbr�u
BrL4O85GLCyNqXNlBqeWiA	Piccolo Mondo
BSi3InD9nxAfeKRlxwK7pQ	Tollhaus
Bsj9BC15wZDAlWTsP8kfVg	Aroma Kebap
bSNb73315kS9dOJ1q6uy9g	Raju's Pizza Service
BU5j4XmGAanDPZ_U9IABaA	Lindenbr�u
bVg-aNsf3KNJ4oSuuhw-AA	Akropolis-Ziegler
BXFghFhSCtHsl0x85qUH1w	Stadtwerke Eiszeit
byFsjYzzttWh6DLptWx_fg	Zkm | Zentrum F�r Kunst Und Medientechnologie
bYhw96gS3cbVSNQqMgvZ_Q	Hoepfner Burghof
BYimKe9du2715ojyabQQYQ	Scheck-in Center Durlach
ByZychE8TxTgsNez8nhjfw	Jaipur
C3thwROobYHtoeZXjcoQXQ	Schreberklause
c6qb8tQ-pozM2Q8891KPkw	Hotel Watthalden
C8CSSQU2pE1MWgNJT6J2JA	Central Pizza & Kebap
c8QK4fd-nuyLZDQu5dzLGA	Golden Goal
c74DXZNvjNgOMKKwaL8HUg	Gold
C-3H0JM_J3Ow3u-8dwjhnA	Bratar
CBBdGhr69Op1BG-mjGBCYw	Gastst�tten G�rtnerklause
CC0OFDzmYOFLogu-Ie7jVg	China Imbiss Mister Kan
cd4EpU1PkomEAXjU0xyw1Q	Pizzeria Toscana
CDjAcUDYcvYCFvMYE3L4Pg	REWE City
CdZKeUZtCjqV0ni2NeFlgA	Alte Schmiede
CECYpgLeL0Vd02mpICiZ2g	Shooter Stars
censB138iZoYjr_riZSY3Q	Sushi King
CffrdoVMu93IbWZtEqjQFQ	Musikhaus Schlaile Kartenvorverkauf
CFoN6P3YWTBEfCIRrTsYbA	Charles Oxford
CFY7dqMoc3r06cbAyeavRw	Epplesee
CgiGV6dmRaI3EiRXPOWrQg	Qubes Club
cHuREuonkS-83voJLeQdqw	Friseur Erwin G�rtner
CId0P8GkPJxBVXKgWyM2tA	Bambus Garten
CiGZR0Hr7YY6_GqcBIttxg	Kaiser Grill
cK-Aa0DUAUHJmNTJQc109Q	Yes we can Burger XL
cNHMLhlDBLeMP-UcES677g	Beauty Car
cnXDAjSiySOySahN0HPoyw	K2
co2KapMLsKfc7fi2_GefXQ	Alibaba
cOlL-Zz3joijfR-pzKadtg	H16
cOWWG-2_-3SVCARMihigAA	Schlossplatz
CpGgeW1ioh-DzcNheh9nGA	Ristorante Italia
CpURBK7JfC1j_UzcBiLJgQ	Schlossgarten
CRcwhJTaOYE1IYLCFl_hrQ	Pizza-Taxi Bella Madina
crxcNtV1S8FmllOpgAL-yA	Thalia
cs8VO_3-doSW0mwH-8aAjA	Thai Bistro Suphan
Cu4mKzo8TsOEzZJuF4EAXA	Zero
cvLKebSflUBkBIfh-E5s9Q	da Nico
cVQWrQpeKsQVphwW_6LcpQ	Restaurant Shiraz
cVWySA1qKnQ4C_2_q6E4bQ	Am Tiergarten Hotel und Cafe- Restaurant Leucht e.K.
cVXlK6H02uSjwrmu1fW-Vg	La Cigogne
cwo-SSQxjvtn9S0uhjGDSQ	Caf� Karle
cxs28BsfEmlkRUTucx8a8w	Eiscafe Capri
czgjSyG-L0SgA2KU9Fa80w	Schwarzes Schaf
CZupdTHskax-eCRbiX0LAg	F�cherbad
D2LF87_v_nC4sK7ZAAmQkw	Deichmann
d4r8kOr0ZSpH2MnVoMZzbQ	Gutenberg
D5fZo7NO8JOAu5icizIf-A	Dr. med. Martin Spreng
d8ksSGlDe5XNZevNJwAI0g	Andreasbr�u
D37k9DjJeF5h1ibjkdNTOQ	Sigrun Woehr
D-ZURROjgKZ9f8fxYXnvBg	Tu Taperia
DaE0cV5m3yGaPEaMEUnzZg	Gasthaus zum Sternen
dbXe_WkVbbTuAbbz3G8Vtw	Badisches Staatstheater
dCbLF_ttaqLxUcdW0n0S8g	Ettlinger Weihnachtsmarkt
DEHWrvG-2mpR0zB_HQY1pg	Tialini
DeiWR9aL18WpVyzuey7dGg	Karlsruher Hof
Df8FjaoiZveDswmFihT7Yw	Liebes Beef
dGkpFKbyY39izmLuN1MMDg	Zum Lamm
dkbalwKdoNnRWZJE-zcGmA	Wok-Lai
Dl5nSnmQcNPtkyMmIJT9Rg	Subway
DlH3OmOOJuz5hNU6THjJCA	Gasthof Gro�er Kurf�rst
DLozdaBHmK_J8SMEVOUPFQ	Cupcake Imperium
DmytExiYa2CmxaFssW2ULQ	GRAVIS Store Karlsruhe
DN4uBC1Om48WoHgcoR7xZw	Lauerturmst�ble
doAthESAlj4_-FtsyHGyNw	Mastar Hayda Zilfo und Sultan
DOYwzDK08AmZJxaoCv-7Cw	Dom
DPQt9KMXB9i0lF7ib3F5Mw	Hubraum
Drf2RxbCnVybNiDcFuPFtg	Schwarzwaldstube
Ds15PXK8uFDvkvVDaBuOVw	Kostalexis Gyros Pita
dSRFd9z_EpnW0-CCqmpPsg	ZetKaeM
dTbDlUwayfvD0WwS7AlUSg	Starbucks
DUc-A2ZYS3BFE2wl-rslvw	Bruno's Eisladen
DuY7M08QMrZL9D4raZDGTg	Pf�lzer Weinh�usel
dUz8Sa9SY6l_nIEyUhC90A	Trattoria & Pizzeria Da Luigi
dvZkN9RW6juVCyRolSyYAQ	Dean & David
DvzTiBV8EtCQy1VuTbZOQQ	Vaca Verde
DXIsctlGnYN8-G-CJ6Xm6A	B�ckerei und Konditorei Martin Meier
DxnQjhwf2h2qxB7N-mCVAw	Gastst�tte Saloniki
dyZjJa644Es2HvJT96_6xQ	Wok Asiaimbiss
Dzzn3oCTxxDImla0uhhUXw	Yin-Yang China Schnellimbi�
dzZnC5YVzZVzW0he28HwEA	Eiscaf� Eis Sch�tzle
e2jCiEX8eqWa-kdCUB2UYA	Bundschuh Weinstube
E3iQVRnC-EYn_F6jdRU25g	Papa Corleone
E4xZKaClfyebUI59RBOePQ	Markgrafenkeller
e5Vs5C6fUuHRfC5tLAr1Iw	�nderungsschneiderei Sami Geckil
E5xhRV3bFwzPoKYf6gfvkg	Wunder-Bar
E6xrU8gCZxRlL60nGnf86w	Bierb�rse
E7iw4558JRv7F2Un_CD76g	H & M Hennes & Mauritz
E8X4A-nmbkgZb5L7QRy5SA	Europabad
EA6Ym63TtF9ntTrkZgkyJA	Italy Italy
eba6WF8cDN1TQ2_0rCkh4g	Cafe Classico
ebMNlzXkEl2lOVuXjgQgmA	McDonald's
EC8I62pXmzHJUU-Fr16K8w	Pfannestiel
EfXDe0RE17ihEkdL3r45Ug	Sch�tzenhaus M�hlburg
eHrMM9fBLZAtGrU7yCNm-g	Durlacher Tor
ejtVhXk9MdORE6lZxvejTg	Cala Gonone
eKhdSimzPB9sEfFQmX-zHg	Waldklause
ELbBgsX1rccs9ZZ9c9p9PA	Krua Thai
emjlzT7V_g-k80oyJqSnXA	Rofu Kinderland Spielwarenhandelsges. mbH
eMtSU9hLX1sl4jATF_mdVA	Hoepfner Burggarten
eMwSnSe2HLAJyy7irVm8yA	Schalander Steak und Bierhaus W�rth
eMwVhYxZ7FKYPoatICELjw	Saftladen
EnTfcULMZms42b4JzpqpNw	Pizzeria Ristorante La Piazzetta Da Pietro
ePiK7IM1ZWQiwuivFwKE1Q	Peek & Cloppenburg
EpZsI6uHsyaE1xHI-7Qglw	Triangel
eQ6pqLsqEZQRKU4lwrreDg	gmx.de
Eq-BpslGrZ2wDes-8miHIQ	Banna Thai
eqJ-p_8AYeltJU2tJHURJA	La Churreria
eV0EsRRpx4M8tWr2W4Laxw	Kaffeehaus Schmidt
EvFikmxgDw6a69Y1BSxqXQ	King Karl
ewF2Yr5BGDXO6om_GsiJcA	P�tisserie Ludwig
ExFAJB0sH2M4pCeH88U8Ag	Kolo
Ey6Keed9-Sn-9t9PsBT2dQ	Werderplatz
eYwk23GQRyxdTFsW7vzi0g	Zur Wagenburg
eZ5bRX8Et83RKG2RkbTajQ	Wok China-Schnellrestaurant
f1Qz5IoAcCF-fGMOfCXpSg	Jaroons
F2eR662GpiItrtCKvQovFQ	Arlt Computer
f2PQkagSYmdKKCQgE1fFTA	Marty's Restaurant
F2X07Fbe8J8wsPIRQwYOLw	Hotel Steuermann
F7bt2jRmYrzUrC-KRcKl-w	Umut
f-h9a30WaGubIQjjQs-w9A	Majolika
FCgjMGPgKIEvvtquzEtjPQ	Casino im Technologiepark
FCLHzkBsgjZCrHy6mm5LHg	da Gianni Ristorante
FdNKP0YfRlMLMhKUlFhddQ	Palmengarten
FEmI_9SAfFfDQlAlS213Pw	Weinblume
feSkNQq2U7scCVkGGJpudA	Kais Pizza
feuIeCASfyAsAiWJOM6Gfg	Moccasin
ffeXXtc122dtJKUbTwBSrQ	Kikeri
FfJOOwYH4yRGKlBoZZcUfg	Nachtcafe
FgXSF5rB-sXvqeheZPFwZw	baby-walz
fIPiGSlvwxHf7_R2FL4KDQ	Segafredo
FjEIf2VoM1cLUgTtsPurTQ	Zeitlos
FJQLkkXYvukWFTJMMJvpOg	LetscheBacchus Mediteranes Restaurant und Weinstube
fkdzXWjseG1gKubQD_fkGg	Vin Fou
fKEwqLzYhcW9pt1rMpfK2A	Eierhuber
fkW1FJY_x-iw7tG3dz3wZg	Pintxos - Tapas & Pasi�n
FlCwXSxMXckSrIuP18YQUQ	Shogun
flxT4xQdjw8U6R7XlA3IrA	Burger King
FMozaZuEJ43v_aWue6hkSQ	Dr. med. Annegret Schumacher
fmYWSos9ySdLN6zkcS5cNg	Rosenbaum
FpdNzWH9nEHHXfRvZ2tmqA	Hong Asia
fPZ9g2t2HTLRh5aL8BBIAw	Coloretti Kinder- und Schwangerschaftsmode
FQFd7NxnZnHX_nQ9riXJjA	Seehof Hellas
Fr4F7pEsTl_Qqn1gWEpenQ	Diverso
frvS-8am51BA9b4G1cbX9Q	Doering Spielwaren GmbH
fTIdlK_b1_C5ZDAzUx2CBw	Atlantic Bar
fuO8q9apAj88q9RHx3yecQ	Wildpark Stadion
fvAX_2GOqzsxj6GW7dEjFw	Novotel Karlsruhe City
fvZZp-gKF6HfoIZMhh2XtA	Wienerwald
fxDQVbsUK0EjsME2dr8ZIw	Zum Markgrafen
FZ-jz2T0X6Pso3yCrzICdQ	L6
FZpJfZGc1pGaGXabeJuVHw	Auto-Krasser
G0l7qwpaS_4l-D86ObrVaQ	Haut�rzte/Allergologie Robert Adina Figl Figl
g0rOtkDM3DI49LPQERF_pQ	Hammers Restaurant
G2xs4wZI6dBsOUEpGaGw1w	Mobydisc mobile Diskotheken
G5u6zPWAwNnm_JvbFx05yA	Fitness First
g6KpN1q6yllfnJayA6K9CA	Saturn
G8RItqxdcG89jOKUk-neZw	Saigon
g15qf0dUuu_aMN3mpY5quA	Caf� Extrablatt
G_VRJTVzdSUE5ThIWUPchQ	Badesee Buchzig
GApmMso82MaAbCWWin3d5A	 KSC-Clubhaus
GcYGGOoTlN9qa5zVvbwbTw	funsportsbar XL
Gd4X1HOo96SvxKGKad_rwQ	Brasil
gD8p1LEbAwxtIQM5vrGBYw	Metzgerei Wolfgang Dittes
Gdb8Wz1i5HtVxZ1aP4ZI_A	Cafe J�ck
gepa_EcPF8raQjJByhbKKw	Clubhaus im FV Daxlanden
GeQ03iVyEc653Z9U8doO7A	Rih
GFCSVqiFmOtkGmvE2IsqKA	Curry Queen College Point
Gg5MtU-QEaeazysV3jmn3A	Unisex
Ggk-eOeMo1aNq7kSh71e_g	Tabak-Heck
ggmtudEwKHHDd9sq2CvqLQ	Pablos
gHU8sHbkHaduYSFAd8C4Ng	Restaurant Ritter
gJB9U9MI5_C2NpkfhCJiRg	Best Western Queens Hotel Karlsruhe
GJx5yeXImKVS-_5CY18OEw	Gourmetrestaurant Erbprinz
GKe4j0FMpaN_4QUcSSUPcw	Pizzeria Gigi
gKrRXJNjGlZHsoJ7oBbb3g	B�ckeler's Cafe
GLZnniRlevgOYkdLoVze-A	Hairkiller
Gq9Cb7HsJSx-fLY2w16iZw	Besitos
GrQhGmJ4sEBu8uVo8gAaGw	Komm�dchen
grTFv0AWA2yD1ebaRVY2Qg	Sushi Circle
guaPlDZLMG3kljQv0OsCYA	Yogurt Monster
GuNsp9jyyZkk-_1-Bd4ltQ	Alte Brauerei
gV6tV_vL3bj_a8sugZInFg	Sport-Sch�tz GmbH
gw8c-CiE_6mAhJmG7aqxlw	Max
GY9pfuQlO0BhRUxvY9whmA	Joey's
gy26G9TuzHCF5pEOswcBtA	Fahrr�der und Zubeh�r Peter Fahrrad Fachgesch�ft Strebel &
gY-_DMsOpYzSGxHp8Pqigg	Mary Poppins
GZFfHlX-hLlVR1KFQK1_Ag	Jacques Meyer's Culinarium
GZKJ-ZuZ8FR7pFDno8fSeQ	TSV Gr�nwinkel
h0i4gaAXH3GsU4n6yqzL9w	Chopsticks Express
H3mGN-sqRLpXrHlhbc_8zA	Mini Italia
h3oTapYP5Q1G_u1t9xN64g	Trattoria Toscana
H5HP3XK0wYpCeHga60zg4Q	Badische Backstube F. u. E. Weber
H9FMHAE6UK55RH0N6yItEA	extrem pizza
h19yI0EpnAmZ6u-8FaMHrA	Rheinterrasse
H_N5mmhIApJuh-FLG-2txg	Osteria Calabrisella
h-L8_QFAaGaXRxY1HsuRGA	Ristorante Da Rocco
hc4D6AnfzhtMpOCWgXaZSA	K2 D�ner Kebap Center
HE5iuNFpQ1uKs1KuzLgQow	Badisches Landesmuseum
He-DZK510V8MHobwyYBr4w	Caf�s Pierod
HFCGZPpfnHpCDfLYRjjkng	Kaffeebar Schiller
hfl9dNooP69TCQus3tfaGQ	Hoepfner Burghof
HgdywOlTmkSZ_7WM1foXQA	G�rtz 17
HGfHTlOGiET5eWjDY_Zw7Q	Brauerei Max Wolf
hgGC4Y8TsJRuBTGUn08RBw	Nachtwerk Musikclub
hhCpRudOwsKhqnDFahXfZA	Mille Stelle
hhJKsnDFDLGhIbvzFhWAEw	Aaaa Hotelwelt
hhkBYTa41cgPFAE0v9xrBg	Ins Blatt
HhRsdzXs__gDxZ7K3RWLdg	Zum Ochsen
HIlcj33VY5Aa6eOuyu04Og	Autoservice Maier
him1b0hMxc1m8RVCj1gQIg	Karthago D�ner
HIZTPZ4tXvB_EbNh3DFFNQ	Stadtmobil CarSharing
hJuw__aAzsTKNZjLpFUUcg	Cortina
HL4TxicNtTTJ_WmTMpg1rg	M�kra Electronic Shop
hMcEVZFUn_DOnvLkN9ztwQ	Bundesgerichtshof
Hn4X80Mughw7s2ImIUipaw	Bleu
HN7n-Ms4X-sXn2Yz-pKgwA	Depot
ho0ycCxMxuQmcIS-aIj-TQ	Ballermann 1
hoMYlkrb_FVGHxgX4s9QOA	Pizzahaus
HqSEeW3CCeQ6c-0WlNo-8A	printor
HrxiJyQx7qW9xlMI83pf4A	Como
HTTgh_AzAfC09l2WyRZX5w	Badisch Brauhaus
HufIoqr9onRXIO9DrjcnMQ	Juwelier CoCo
huNUOZSeshXtXf_P-ZC47A	Der Pf�lzer Grill
hUpQanrrN-jdyfB-4hUJOA	Jolly Station Getr�nkeservice
hvr8NYKtGbJL0T7Y3WRv8w	Biergarten J�ger
HvVAa7W0h7sRom6rYPB_Gw	Turmberg
hW63nfujjfovCp_MS26UVw	Istanbul D�ner
HWbMWSe_ZTE_tzP9ocim4Q	Yasmin
hWEG9OmXJ2rPjwB5H-oetg	Blumen-D�rr
hwZfVaI9BYrhvOiPx1MEFw	Zum Goldenen Anker
hXuQgPheHrZHfYM_cqibIQ	Pflug Durlach
Hxw62K84VXUysh1QjWZlqA	Big N Better
HysgvS37Z-XMqL2G9FmsQQ	TeeGschwendner
HYWs2uSBdFgj73yvKm7gLQ	Wohnzimmer
HZc_AmZTP9UJLygjXBGlkg	China-City und Japan Sushi
hZQU4GhAG2WrJmNAZ0_gxg	Zehnbauer
I2nPfACCnDbuGRHB5wafWQ	Clubhaus FV Sportfreunde Forchheim
i3-gDkBnCj7-2X3fDkkRXA	Gastst�tte Einigkeit
i5OJAtAfw_adcXuiYPXM2w	Marktl�cke
i5RiBntsRyVbH4sZPnhfyg	Piccola Pizzaservice
I_Xw9RZ01FB_7MetXIlrfw	Staatliches Museum f�r Naturkunde
I_Zobc5TXNMAl9PxasrUcA	Pizzeria Al Ponte
ia4OINUjKlm8tbpI3i2s5w	Gastst�tte La Fattoria
IA4P3XkXs3boHlQ0v5CsMw	prinz s
IBIXSk96EGamXhd8jZJ04A	H�hnerstall
ibs9X0FApCT9yt7o7kNpyw	Elios Bar im Queens Best Western Hotel
ICQLD1gYrYlnahI-wQabQg	Saray Grill
IdkXYNl84sM8g84RL-euQA	Dr. Eberhard G�tze
iEg59rSBqgoASuyCGV3oMw	Rimelin
igf4FRdL8qxIpYWYw5WYKA	Cafe Gurke
Ii03xj1XMhwFBOYfE2AHBQ	Bobar
iI-JzHYx0SQrnW3jBE2ZPQ	Dr. med. vet. H. Wessbecher
iiB7mtJQEkwxhr3ka7Wb_w	Eismarie
iIMc7_Kuipe4IO9CXPjk1A	FreshSub
IINSC_0exUY9g6sAmo87tg	Zoo Terassen Milchbar
IjmbpK1bK8r3-c4bBb9N6Q	Maharaja
iKFaOwdFxiWutQPaUUNmng	Substage
ILFArDwgCQjTTOs7B3bYBA	Star Inn Hotel Karlsruhe Siemensallee
ILl4rQCUGy7092p9ZwQ0zw	Iuno
ILtKHOTf_EwrzAesMeNBOw	China Restaurant Long
INsIrE2YYnYqO3_nmGj4gQ	Radler-Martin
IoqDDDjJNLBD0IW9AYbYnA	Kindergl�ck
iqabqwO_ZzWDZfasJy4ILQ	Mamma Leone
iqNw9UHBlsumItmncc8zAA	American Diner Durlach
iQpshLrII8DHUm5zJId0fQ	Ludwigsplatz
irK6XZ6yBrs6EZsb_uGMVQ	Starbucks
IT4_iHuLkHBVl8gcKvL5qw	Casa do Jos�
IuHDE3FdVwFlBb5zZmsr7w	Alt Weingarten
IUHSaYplitEtiCS_J3fy5g	Restaurant am Grollenberg
IvdsbInH0OAjk2lIiuGxJw	Gastst�tte La Tegola
ivlbvS9I0457UyljErTDcw	L'Incontro
IVXArbjJxt7Dpciz995hwA	Turmbergbad
iYyVFRBxOd5IwVSrsQu1BQ	Der Backladen
J2ydU33ZLTdXHLhG9YKlnQ	Kroko-Keller
j6H1XEdbv516TevwrWKB1g	Zur Alten Hackerei
J6OFcAKsbOvzZBoNqTe2dQ	Eiscafe Am Sophienpark
J8Iumsh8ZhDIsbYuRm44AQ	Restaurant Mediterran
j9O0sCvvAs2w-6sfum-1Mw	Zum Bahnhof
j-v-m38xQvnFtdGsm6GXkQ	ATIC Friseure
JACNqt4si0ciKrnKWfBKRw	Kindorado
jAWUEUMysKTW605pkzFT2Q	Vesuvio
Jd8dJj7xYvDlQIBPh4OAjQ	Wolfgang Gabriele Calmbach Wiedenmann-Calmbach
JDrNMAJH50LeypYcyCvtvg	R�ssle
jDX_bbjZ-4qHyKY8IE2vvQ	Metzgerei Sack
JemgxznJZEEAsxfYmV5fBA	Brotkorb - Hatz B�ckereibetriebe
JEsKdG3DB8x8OVMUPd4rsg	Restaurant Kreuz
JfmueQg8DCnM8cOHMU8mAg	Restaurant im Hotel Steuermann
JFxYTyGxtmxZSCQAfkcD1Q	Hauptbahnhof Karlsruhe
jICAZqd25tqWiOdErWgufA	Pavarotti
jKF4HnOgBKDPOj-1bgwyrw	Flux - Die Wechsel Bar
JKPfm4KBvDoAKJwWiMz3Lg	Baby-Center
jKY7D_U0LMoq4Gx-UQKgdw	Sean O'Casey's Irish Pub
Jlj-EGnDvkcEpS3k2AX9QQ	Sack Metzgerei
JO7YPZUarTWSmgH6lvvo-g	La Corona
JpQ39ls7X6SHuRywHofweQ	Zi Lounge
jptSDzDj9XS82tlJk7T1mg	Anders auf dem Turmberg
jqGVJRgYeeDBNGwDf98e3A	Radhaus
JSa4ZYN1NQoQgzYJ_BJEmg	Pendel
JSUrYTag6F5_D9sVrUEtjw	Marrakesch Imbiss
jthSxhOVK5NH5FGSPKmkng	Wera Fliesen & Design haftungsbeschr�nkt
JtthDxLSHiCopkUfS2NlSw	Optik Vision Brillen & Contactlinsen Am Ludwigsplatz
jVAsYNTmNE1q6tttEv2P-w	Viva
JVIBRz1ApsunKhkv4ydzhw	King Seng
jViZvpGS1uYO2E6t5fG4xw	Nagels Kranz
JwTJcaBBc6Z2ckGCPFo0Zw	Kinder�rzte Stephan Kathrin Pfisterer Prinz
JxsRmp1bIRA9YAJYYrvFqg	Metzgerei F�chergrill Alfred Windt
jyCkvh9oCyhQS8sotRCUGA	Bezos Grill
jzmHs1saND7pr1OJ995PAA	Il Teatro
k3anEHyapYdF6w8AlGYTzA	L�derach
K6QPz6vAacAxBP7h6kdEaw	Old Chapel Pub
k7Y8zXSL2X3Gm_MxJj2Zsw	Waschhaus Exclusiv Preiswert u. Sauber W�scherei
K008tT3H-CyjiBV0zC97lw	Fielmann
k-Luaw_6agrJ3KEftVmUoQ	Restaurant Bernstein
kaX0K0Zg2iiHzL-UJ9hRKQ	Der KofferRaum
kBhO7ZsUsA-Dq0iZJN5YuQ	Oxford Foods & Drinks
kGQojQzVBP39GrQAN6fN7A	Elite Hotel Garni
kgVAfgnBMaiumvKnz5FShQ	Kaufland
kIoT-cofPtnlNvcx5DM0BQ	Cafecube
kJYmRN3h_Uihnje_mEQlvw	Hikari Asian Food
kk7lDdUu-VwutyeKhpBQLw	Gambrinus Bier-Bar
Kl4KJn41-jTkO5g_o9J2bQ	schuhreparatur
klkVCqlVYBYvO3hvtmMHeA	Eis Cassata
Ko0IWAEQtHd5kWr30PXD_A	B�ckerei-Konditorei Visel
kOfQyegQ7As4JPCpuQSZuQ	Sokrates
koSCCHbaAD2JYaKoEWAGvQ	Eren
kpknqAb5inS0ic0-0UtUng	Waschhaus
Kq1ZRU1MgrYQa2KfxESM7w	Tasse mit Pfiff
kQOsnOqEV1Uu9P9US6v9DA	Ehrlichs Wein-Contor
KrxtCW45J_5zfxbrrQK_VQ	Marktplatz Karlsruhe
ksC0xdA6QeNuLpew_Lvluw	H�gels Restaurant Dudelsack
ktQpBOGvDKfM0-KRCY21aA	Colling & Friends
KuKKjFdKH_0rVPx79q2uAA	Hellas-Salute
kUsNaD4NZ1Gh_kDXjTq6GQ	bed & breakfast Privatzimmervermittlung
kvWf4Z4afJvWZdkCVxDyeg	Restaurant Beim Schupi
KVwqBtoJM4Bzzv4r1mKJSA	Facharzt f�r Orthop�die und Sportmedizin Wolfgang Krentel
kW09pbl03gT_u9mNYHktgQ	Olivenbaum
kXImHciCMfjoze9Ctrpw-A	Ivy Cafe Bar
kZZVvob6GNtz-J5yVe10iA	Watt's
L0t1AKtrhmZj03K8Q_pcZg	M�ller Ltd. & Co.
L1a6mmBdIzO431VImUCjpg	B�ckerei Konditorei Cafe La Minzbrueck  Hagenbach
l1CzJq_lzQDioUDNfdr46A	Kosmetik- und Nagelstudio Annette Dobert
l2yVOnZtaULa5PSx85JkjA	Buchhandlung am Kronenplatz
L3mhx94gZcCYwMvR8Y4pGA	Schneiderei N�hbar
L4NBf0qY6wE2jQCD3ui9sA	Kaffeer�sterei Albrecht Schiek
l7UvEpdtIO66VyIGvriO0w	La Pineta
L8ptAswq0UvUwXdnVWjE8Q	Enchilada
l_ctRdjXQPxLpr0GmQBLBA	acora Hotel und Wohnen Karlsruhe
L-EkWc4HZiDVoxB7C3Z3Vg	Vogel Hausbr�u
l-pMt_YiLJXUGMeQOdtd_g	Zuckerbecker
lAGqSQW24ym7OFxMBXf4RQ	China Restaurant Yangtse
LcLTXfH_ado12bd6W4VT2w	Olympia
LEt0zGi-on6rI1h4r7IP_w	Die Zwiebel
Lg5F2e02jBaK0lrqbc8SRw	Panorama
lHTVUmgsQIxGI9WqCCXnQw	Leonardo
LHYZbX-BaPg3k7xn5EG5Ug	Deli Burgers
lku1qyIEkEPGgl-ZSMXIQw	Kouros
ll6IEuZo2hLh4PoAHjc6cA	Kult-Industries
LmGNs_JUEzpaJ_I_2O90vA	Waldsch�nke
lNforL0COH6J5hnF08l_1w	Filmpalast am ZKM
LnhGhSZFbUPbd-TaHFSlUA	Gutscheinpool.de
loHbUdrPuno1drdYgm2tdQ	Turmbergbahn
lPLr1-rZziBW6gVDENLUUQ	Gr�ner Krebs
lQi-hLyWx6aDkjD5oVKMtg	Amadeus
LRevsPnXvytCmV7gWOh_1w	Shalimar
lSZ1IMqd3ctUB9mzf22AEQ	Yuff..ka Restaurant
ltTBqHLIlXPe1qkvDYbAvQ	La Romantica
LuCrgEAXPoE0lcBnrVijQQ	Schmalzt�pfle
LudeITL-wiw883I4Nqq0Fg	GRiP Boardshop Karlsruhe
lUsaXEUmgHlwIq91ffl-Jg	Krone
lxptrd5mnV0dZ9aTKEOy0g	Sch�tzenhaus auf dem Turmberg
LYF3dfCoYHRJzImnspKMhg	Sukie's Cake Shop
LzA2QseZ4oowaikIn_i8QA	Gastst�tte Hofgalerie
lZdaEd0x4nCPtOgkBeKDFA	Knuddels - knuddels.de
lzJkgOCnjAA5B8tKPrLgsg	Korfu
lzlrGXBZ9RpDEpPUJ4Iezg	Frickeb�ck Backshop
m1xsKQP-gP1eL1_hFAmyhA	La Strada
M5qaph3f4UYT13TVbXiq3Q	C&M Friseur
m6LIw1KHnog2HM__IHIYBA	Schaufenster schreiben - schenken - geniesen !
M_O7vlWxe0GTzqnAhjXuHQ	Tierarzt Stefan Petri
m_qz8AU3uu-Fl1zmHVAcCw	Klaus B�ringer
MAgvMutGp9HHfQ_opx2btQ	Il Vino, Weinbar,
mAoCr7W94jiERo1xVyg2_Q	Oststadt D�ner
mDGpCtjxl79YtwtyFEO5fg	Kabarett in der Orgelfabrik, die Spiegelfechter e.V.
MDIliph5bpimXzXq8m8TMw	Restaurant und Pizzeria Trompeter von S�ckingen
MEqB2Dve64rklDl9GE-kRg	Salon Georg Friedrich
mH812zDFXzfe-soYKB1E7A	Prasse's Kaiserplatzl
mHchPV-YF9bjZroxXSHMyQ	Carpe Diem
Mhv_TCsXRVOfeatAZnm3xg	K�nstlerkneipe
mi6HyXkJK9Adzq-xti3oiA	Discothek Unversch�mt
miDl22E-Vx1bTBIQXmYF9g	Schlosshotel Karlsruhe
mJxdH_5Oy4kARMwO4KF_bg	Heilige Sophie
Mk4EOhIsaGargegbZj4cyQ	Mookata
MKBXPWocpfd196680kx4Ig	Mediterrane Selektion
ml0VNc9eREzC8fwZj9R8hA	Erdbeermund
mMo3W7sBDKXdYeWVSeKqMw	Max Lui
MOM_hUdqkA7rCN0Tg6c7GQ	F�llhorn Karlsruhe Naturkost u. Naturwaren Handels
MozQ5aTlhJwaI2OjeMM7EQ	Die Fris�re Enrico und Beata
MrgvarMQLLFGY8ov6vnvyg	Schlossgartenbahn
MVmfa8PxHyyHiEGI3MqlSQ	Wilkendorf's Teehaus
mVwUmftw4KcmLepuCyBosA	Tierpark Oberwald
MYaAu_O2PSecDRS8WqX5mw	S�dstern Fahrrad
mz1n2HTQONwj2Q7VnfvykQ	Tonos D�ner Kebap
mzvmAOdaxImvqfqmHQrEkA	Restaurant Schwarzer Adler
n2MHGb9UKtN9wL619jbz7w	Stadtbrauhaus Hagenbach
n5EMZZ4EfnPIgCfN3z4sfQ	Kamm'In
n5FnfX35tQgiWPHw1gNH0w	Holzhacker
n7-VcjUylQ94Zte3mWqLJg	Madame V�lo
n7FOMSsN4wSv6PEMuRX_PA	Eiscafe Eis-Oma
n8Ky9yX7KdM9uhO5PIS5IQ	Oval
n_n_WnX-CrjOLpHDr6Xgzg	Kaisergarten
nAMMS64Iriz9grhFzO6Evg	Kurt Lausenhammer
nb5J-28w8naR38vg6fbdmA	Radio Oriente
NBvCfBuShkbCfBVvtmKchQ	Cafe Pierod
NCaqjfK-3uCGhixn4LD7Ug	Restaurant  Zwitscherstube
nCiqlnIu7pNmnRkQFibKsg	Tierarzt Marcus Erben
nCNrS9LrXcqG0T-rziSZRg	City Park D�ner Pizza Salat
nEbkDXjOoxlpIlPcwGXFXg	Alfa
NEYJeDUNiWVHJY2jQ8AbUA	Ungeheuer Automobile Bmw Vertragsh�ndler Autohaus
NGVIpkvMko7HBIR5dSf97w	Eiscaf� Florenz
nibjXk78MTLgs3NrLVs2GA	Funsportsbar Xxl
NJcyFik3drl9bOX6fsPEMg	Sen
NKaI-TV3XozbIi58MS2ssw	El Taquito
NkJZbX7z79t-z7VCTraFQg	Pizzeria Kaminstube
nkS1No7nnXaQcTjPLsCJTw	Kesselhaus
Nl0WDdgd_SsmxQ1L4osn0g	Scruffy's Irish Pub
nLx3zKqTUrd5VOZn1JzctQ	Pizzeria Portobello
NnDsg_PHsc_aVjUqw-2EiQ	Snipes
nNlj8cScT8uG6zeXpgstHg	Alte Bank
nO9rhaYa9v6cRWly2PTldA	Blankenburg
NOVlS5DyG-W5ryzxw5D4qA	Oxfam
nPg1a-Buzv-PvxfHDKOrfg	Noodelz
npPXKUwvNLiEpFcRjV75BA	Restaurant Zum L�wen
nrdrdEq0x2yPknCYCLjINw	Gelatone
nSfVhbKMbB72kb48ALuC4Q	Continent
NSvI23_bSqDLEIyZ6CG7Fg	Kleintierpraxis H. Sp�rle
nTE5qqVWDLyIwaIsZBjgmw	El Bandido
nTfeDYEy9fV4dEc7LMgM2g	Pizza Sofort
ntjg79DoncBIViCa2_ES7w	Golfclub Hofgut Scheibenhardt e.V.
NW8oT7STzS_lnGq9na1hKw	Goldst�ck
nwMn1UN8SslncGAudcMXQQ	Hermannbr�u
nWU6WkITLvsIQLfdunpvWg	Buchhandlung Mende
nwZpULvp0sz_A38zRdwQog	Ratsstuben
nygDv0V8iGOAA5HK_UpvJA	Radisson Blu Hotel
O7gAxbZxe6r2SSzDaA568w	St�vchen
o7ITdXYbYHI8cY7kKi3RqA	Rheinf�hre
O7WWyfIngvJzkurqHxt-zg	Mille Stelle
o04jZ9Pqlo0363KStsoVIw	Pizzeria La Vita
O44eQVnZciZXU-nQaiKIPw	D�ner Pizza Restaurant Memo
O_8KPbCJpKSuFeqgmY0rHQ	Basislager
oAJFC0pUXJ1wHOehhgbmYQ	Taj Palace
obJE7v4DCIX7JrHo0ULlIA	Tuk Tuk
OBRi8m0U1uZISuMsmrNwdw	Hermes
obsjrNe75ypTw8_rY_FRPw	Die Blubber
oDGCwoW6WLbt9_XcY0p-2A	Dr. Thomas Kohm
OeO2xpV6Q9Ao3jCwZwdlTQ	Zum Thai
OFD83GJxZwmVCEwWjJmwsQ	Wildparkstadion
oHIWHZQAO6N2QezzrGWpsw	Toro  Caf�, Bar, Tapas
oI5S8WM1vfrLtFovylkguw	Zum L�wen
OIMZrrL5kGyZ6W6J8xsyEw	Pizza Blitz
oIZSTYYYxCMgkPQ6UhfaSg	Sonneneck
oJc_PmX4cvnOCsbcRahgug	kaiseki
OLSLqsB22pn5tXW08CnfIA	Restaurant Nerdings
om3qoz4MTGNn5JLXilys5Q	Kuhweide
OM_STp3HD4_VD8Cj7bk5FA	Webdome Internetcafe
OMed9SgOJ4H1G5gqUn_umA	Outlet Store Gartenm�bel
opCB7X-WIu2uiyvg7zU5dw	Paparazzi
OPckVDslcDH7v98nwtt5jw	portale 50
OrwnIUTkAWueo46g7MM54Q	China Imbiss Panda
os1Tw29uPcoO79yyPctr_g	Zum Schwanen
OSLkuwNmT-bAXWx_T-SbUg	B�ckerei-Konditorei Visel
OsNORlL36i6ucMO9EEhNoA	tartufo bianco
OSqi_tZwydODzqff2LCLtQ	Hairkiller
oTIVPCW7ca5xjAJsB6oXJw	new siam
oU97TcNDBHZu0gGH2wiT7Q	Eisdiele Veneta
ouovRnEE9M1R_jMm3eWqNQ	City Kebab Pizza
oxPnV43-BYdXRpKfAWbmMg	Badische Weinstube im Botanischen Garten
oZpN9T996T1M3eDiATfOCg	z Fondue
p2ClOLk3iwF6glVUsXYoWQ	L'Ancora
P5dLuhD2vCJxurMCE-UGtA	Kilimanjaro
P5kq8MLKjLm8ayy3hk8WSQ	K�LLE-ZOO
p9zQzAarxtulvnR3N4xcbA	Restaurant Schoko
PAyUvQEZcxrS9X2D9YiXwA	Beauty Eye
pb8ZcncghqEFyte3-6nJWg	Rhodos
pdISA8BqlOzP415f6l0a9g	G�rtnerklause im Kleingartenverein
PDt_BG9mYtdBf3mxvZyw3g	Roller
PeqiU4qUevbRas9Z7YeOcQ	Carls Wirtshaus
PeR64AIkleu-t9gwed6vow	Hallo Pizza!
PFEdj4zy3rD0wbHeEVaCDw	Fleischerfachgesch�ft Konrad Floc
PfjEZGICY_QNZAQolVDncw	Dr. med. Oliver Frerking
PGKNUqWf8bbh3SQMcuKvCA	Brasserie Pot-au-Feu
pIB6QhXYJZMOAVoGN49Tag	Da Gianni
pK-tkeJh-nc37duo9Hg8xw	The Hair Cafe Thc
Pnu3TLl2vKHd9kWe6EuNTQ	B�ckerei-Konditorei Richard Nu�baumer
PNyQejGIQy_oNCu3qIKRRg	Cafe Nun
pRCxPIEmu2UojXphKguGvQ	McDonald's
PsKXNVUfzpTGKZuAeSSgTA	Le Salon
pTDZ9IbXXQLBPeev-Oupbg	Esprit
pTi7fwrFZTqY7mpeu8NZyw	Juwelier Kamphues
PuPi36oN9F0O8LsIK6yMng	Imo Autopflege
PwNiXX_Q9zEAvuypP-6zQA	Rheinstrandbad Rappenw�rt
PxfqJwIO-QCB3y96Dw54Vg	Autohaus J�ttner
py1vmsHVB6woGVXwtZtbVQ	Mount Klotz
PYMkf1KLKf7bvZZOVaZjYQ	Zoo SB-Markt f�r Heimtiere
PzT7pqZ1GKNSOaOqNSbYwA	Mare Nostrum
Q0eBAW3YgXGHjAulqu7k2g	La Rose
Q4Y66vz2e-NIXNuvBLkBog	Durlacher Altstadtfest
Q9KZP_PPmKwdBKdt18yCWQ	Walhalla
q_qBMxTjNX3w17SF3o8wWg	Tanburi
q_Xd4xuUEcSga_n65SGejQ	Wmf W�rttembergische Metallwarenfabrik
q-Pc4j3mIzCfD-3eOs71jg	Polizeisportverein Karlsruhe e.V.
QAeEEK-XQlpWQl6LJYOtnA	Mewan Friseurstudio
QarmS4FAf3tlWMbHaCksvw	Hung Wok's
qaV3YBqrm9MVkXJuCPafaw	Zoo Karlsruhe
qb9ZA9SvLJ4Lhi4LQclseQ	G�nther-Klotz-Anlage
qBID4rvYlBllq0SR59vvjw	Meister Bagci Service
qdKwzUXhjBQJ5AlvRZxQLg	Erasmus
QeD2Nre6KyYf1pci4W9QgA	Hotel am Karlstor
qGKau05zpV-qnYmbDVJbnQ	Parf�merie Douglas
qGYtcAOItY3ys7CdZ-Q4xA	Frauenarztpraxis Leokadia Seidler
qhu-hCLlRiqoJ5du775oig	Dr. med. Beate Weinschenk
Qi61w8ZGqtipWfoALZq1hw	Restaurant An den Saumseen
qjdPgk2OuDjmgQkLAEmpIg	Gordani
qjK0z9LZCJa8p4JljmC11w	T.I.M.O. Italienischer Einkaufsmarkt GmbH
qjM94mEJRjhcFZfjJ0zXVg	Cafe Emaille
qjq6u-ab0GGb2c4rvNZbzg	Kaminstubb
QJsgf4Vcj6ZAKmbt4LPtXQ	FG 1
qK447qQ0UYOGGWjlZDxycQ	Heimservice + Restaurant Pronto Pronto
qKCYXulWC-SlD2BTc_SUzQ	Der Vogelbr�u
QKSTvcCbYHtCKST2AQ9W4Q	Weiherhofbad
QkttdZaXAt5csTYffJvVfg	BesenArt
QL3A3JgdImfDFOHqU1YV0w	Veritas
QnClRGIbIj3Ad2CAueSRQw	Brauhaus Monninger
qnE_bJoQlbW94yLYKAeH5A	Restaurant L�we am Tiergarten
qpoBgU3CRaJp2_QYMIleBw	Caf� Cortina
qrCIf32eIwBG8tPdjd59Xg	Purino
qrGmLp2qyvlVYLuGzn0W7Q	marotte Figurentheater
QRTW1rfw1KKjsSHbboCaJQ	CAP-Markt
qT-mx7itnS7_DtN3xX5BMg	Toni's Pizza Express
qtpzo1XcFu7SnPsrtLH3cw	Lang Asiashop
QUl85k7lKTvY1ry0sIoBgA	Alte Durlacher Brauerei
QURbSnCwx5NlCszp_H89Ng	B�ckerei Neff Zweigstelle
qWsWsHsOY9rTZVEr773LEw	Oktave
QX4eqLqfkmBVPGQana7Y4g	Metzgerei Kunzmann
qXKPy2VvVPn1WJtA9X3sxg	Uhrenklinik Speck
QXou2_cNNSGNqpIUBikQOg	B�cker L�rz
qZPe4sIIskdoYAt5WZt2jQ	Ristorante Adria
Qzpjop2y6h2B646l-fl4Iw	Aurum
R0k3wzbxnqO6a7arCGtc-Q	Eckerle Herrenmodenvertrieb
r1odoOBw1oyge8U3H_w9lQ	HN Steuerberatungsgesellschaft
R3kAGyaVGZt0Hhq9M46xPw	Espresso Stazione
r6_hgwcSv_YSLRtn8F3M8Q	Meine Pestoria
R8TNHc1Gw6LOVtflqgSelg	Da Serio
r79r7YC7NwxlncEMmJnffw	Anson's
R-Ly3sJyBLWLBTg-SbKhKg	Viva Pizza
RB4_iLGkfDVahkFf1koDBw	Reisezentrum Karlsruhe Hbf
rCj_SENiF0dwX1qiCzQ0tg	Schook Dii
rCYEy0Cg109fhpnXn1vDBw	Goethe Gymnasium
RdTksJbfVwDbuOqvpv3zZQ	Akademiehotel
RdWxr1GAp-BrK25nNRMS6Q	Dr. med. Wilfried Pfitzer
rdxY4ssW8wLrHUMUSSKAeQ	Kap
rE-MBRj1Nf3pnzEQ0msotA	Tiziano
RgdbMe1YL8K0ssfnA2XwmQ	da franco
rgu4D8r828sQvPM4p3k4XQ	Seng Sushi & Chinarestaurant
rhHqf8a6DEax4uo-YpXshA	Wacht am Rhein
rI-zKwYMA6ET1TK_oybZlA	Pizza Heimservice Exzellent
RIGDf2wpemxhAmCgWGOR9w	Dschingis Khan
rJZRC9dVdsHuIeQmDdp3rA	E. Breuninger
Rk6LiMxPpMhbERugYspYwQ	Geb�udereinigung S&O - Karlsruhe Reinigungsfirma
RK-nzsaTzF5at7ncuPm2Pg	Ristorante Da Paolino
rKLqywVES-dgjQ08mnqIGA	Telekom Shop
rOVEvIMMA0f7-PakoMtjtA	Oberer See
rpSKQ-pHcRxKCNuhoEZ2iw	Litfa�
rQruj9he537QGhhaZT_aBw	Akoya Grill & Sushi
RqS90lYHh5QlWj9ISK1ymA	Gockelburg
rrcU9G5p62u9CTQOTIBIxQ	Ranya
rrH-nfQE_qOfeoq1EmrJ2A	BabyOne
rSCu0sU-3G6lZtSHKvZ_DA	Tierschutzverein Karlsruhe u. Umgebung e.V.
Rw3wYzqmc_GtI8Ocx2xHUA	Kral
ryf9ITBNPAwT0dq0qFTrkg	Caf� Zeitlos
S0wr9Gj5RFscgffwYiJ4Iw	Karl-Apotheke
S1K_mg24V0704Le6B8x0AQ	San Felice
S6JeWO2aq4HEK0JL6vu4Uw	Albgaubad
S8mldWVT5FT2IFTAP1P1lQ	Erbprinz - Weinstube Sibylla
s9sRbsrPoRtj4D6UQik5wg	Pizza & Gusto
S78B3Ue7HfdJRmuGsxoEKg	Shogun Ya
S_N2AIRJLgv8MVNnwe40Qg	Keller Hair Company
S_wRQzLYdfv1KG8nKidc-Q	Zweirad Eicker
saopjBTvw8iVKmfJe-Y3fA	Minigolf Bierbar
sb2e9t3cOqUamkdXUnSy9w	Urai Thaimassage Durlach
Sdb26i3k-2oGfFIOM7Vo1g	Asia Imbiss
sDDPr7bV9uC1ubROF1AADQ	Rudolf Neff
SEDbbnlM6veHdjECABo3dg	Caf� Vanguarde
sFP7NkMVdr8KaZ32zjYQaA	F�nf
sGS6fMyhAAOd8j2I-NORRg	Bauhaus
SISGZJOJtEPMZCYXTHFftA	Mykonos
SjAnB4unBymlvlXe8ltMOw	Philong
sJYgtBb-To4rG12ANUtYmw	Palladio
sldKc-I-PDQg973dIf4Yyg	Thong Thai
sMe3y_v4-VKoQts-VGbw5A	China Restaurant Yummy Yummy
SqbXhueVJl4F4rbc2193wg	Pershia
sriGkDnL9vUUjXZQDFyvsQ	Yangda
SsThJPCbJYsWr5ZOpuzk6g	Restaurant Gartenzwerg
SVA7nxR-nc6TbRL9LllQ0g	Etap Hotel
sVcfcjQ3X5dAMQyndIm35w	Mittelalterlicher Weihnachtsmarkt
sWUJBOH7_iL4OcjX9tVIbg	Caf� Palladio
Sx2rwD5PWZgQzS_T7Czz-A	Kaffeebar Isetta
sXFxpk-7G_5EasbUQmIzyw	El Taco
SXMFJo-4eB5YbhHYMCLYFA	Hoepfner Burghof
SY_vl_vFvoZv59GX8V7F8Q	Wolf's Br�u
sZkbuP7RPo7PQjOPbt3i4Q	K�pr� Kebab II
T3k3GslUxFXnEAFSMGvNwg	bento
t8WeSSHYuu2_UkHGl8kHyA	Janson
t19dYb7sygky_uSFze7nlg	Euphrat D�ner
tb7-JM1FYdITIQBWES7XRA	Profi Schroth Fachmarkt Center
tbLeodBE9W6ozoDgYuXM7w	Thomas Seith
TbPbHknC5EMptGyoq0uK3A	Mtv Gastst�tte
tCsJHnJ43IqCl-1iIccZYQ	Kleintierpraxis Sch�tz
TCX0oX11PBB9yPKa37N57w	Ibis
TdFHwzPd5Ah_maA-kYktHw	Dr. med. Bernhard Kopp
tFDuF_WwCB_AI_RlgHQZ6w	t�glich
tFsknMJ5yAafN1tAcfMVKA	Salon Friseur Jung / Haircut
tjqmHj3E1zyb6Dy8TbPc8Q	Arzum
TkDLSrDMOe0i7y5olhTmjg	Gelbe Seiten
Tm3w1r_ysQSxu-hnV9BetA	F�ry B�ckerei und Caf�
tMzGMo61zvpfh7g1JtMacg	Apollon
TnFAFcoYTEwGD5E8m0z0Og	Best D�ner / Pizza Haus
tOnHeSrUQ3hGGnxrmCCiQg	Restaurant Maharani Palace
tpR2U16lkQJI5TK4AOZH7w	Ludwigs
tPu-ZNalXmWIwswAPiSqrw	Zum Schiff
TrCimnSt42AbJMLVQiiJJQ	Jacques' Wein-Depot
TTrw0LfWHEpZauszXsc7aQ	Espressione
tTy1Mm_nvhs_9XV8QuUXDg	Edeka
TVUIj9fsVF3JwvHkz_6-KQ	Hotel Eden
TvxZ7G16ez9GhD5yRClyyQ	Galerie 32
TxXxBOiBEyHZfVfRnduECA	Ay Sel
tY_GK6bi7iyKF2RjpV5cFw	Die Fritte
TYqtq5p9HiQ92qyZGyhCqg	Valtellina
TZI0KlF9whWU1JgUjIRP_Q	EigenArt
U1OrMffyVeE2qbpNTrSSuA	Antalya
U6YILIsxeF57X7IygtAzmw	Flynn's Inn Irish Pub
u9KzJQFIh49y7KacPbaNaw	Rosa Bianca
u_QcgQDztf0juiqHooRqxQ	Hellas Salute
u_xD7-AhxnhDz3lpTYCMhA	Sushi Bar China City
uAbMtNpZiRDqf61PRX4bDw	B.O.C.
UbMfwmBEU9Jt3rRysjh4Yg	Laib & Leben
ucNCtUDrAF3rf6rYNdIEpg	Oberl�nder Weinstube
uDcPmLSWvq3vWac__ZhJrQ	s' H�usle
udplZdoBV0YHb7nVEZbSEw	Stiegeles
UDvpY4D2zWLInNxNWGb3iw	Bombay Palace
uEj7DJDhz6QQfDtv8JE-Mg	Lush
UEm1wCQvtUlXJJYhV_ckRw	IMO-Autowaschstra�e
UFhXPp4kA9zwbjdkUivTiA	L�wenbr�ukeller
UFzNYSm_5nzWI7YLKwJJ0w	Diskothek Agostea
UgdA4TRbbOvmsubfp9b03Q	Il Caminetto
uh-8pp-GZFwrB6YV--tmzA	Gasthaus zum Hirsch
UhT3MBAwJKEBXUxui8ggrg	Noa Noa
UJaAi1u6ocEMwqdiVYYOoQ	Hotel Allee
ujc_1tzKrEEPMv9oOSF3wA	Media Markt
ujJhvCkk_fhmRCwn7W1rSw	Bike Lager
UJZKaJKEyYlBEa7byP-uQw	OK  Apotheke
UKgcD3uy_y_J0NpkSUi28g	schuhs
uKN9qKI9_FUJya2tQc2S_Q	Eggensteiner D�ner Kebap Haus
uMI7fuUCZ8Bgy_xq37JuJQ	Carpe Diem
Umq7lcGqslqbIFtPHwvSYw	Eiscafe Casal
UMXxDCwStYjH5-ISb3ikUg	Espresso + More
UPA058i2o2W_3F5PvnlU1g	da Nino
upJZl7WyrJaXHYLx941fjg	Albhof
UPocI3b94XSzIBB1_9A62g	dm-drogerie markt
upQpcnTaJXNV5Gh3DN6TBg	Asia Dynasty
UR74mUyGwu2lKDmPELcPZg	Titanic
UsmhvNhN6mLe8oB2_trLvg	Inka Stadtmagazin
uT5v2rBqLJJ3-2eHxOJ0qg	Mood Lounge - Mood in Wood
UTTXRaoaowgCDrkkZtwHVQ	Curry76
UVfh-2Jod32qq-CcpV2rGg	s' W�lfle Bistro
uwlK60hWjozFJULa5etk6A	Waschpark Karlsruhe
UX0dUr8Q9IgUpN6GxdneIQ	Alter Brauhof
UX8ORZVzrGK8AfZpIBd82A	Glatzenf�hner
UyCBX3qu-7Yk-uRtadsi1w	Hotel Erbprinzenhof
UYegAlQFh85wH9FKkC-O9Q	KOLO Restaurant
uYHtexRRnIWpxXkfnYIvcQ	Palmgarten
uz062TQVC0VZEemYUD3UGw	Postbank
uzIDDHatzLhcc0LagyCx8g	Praktiker Bau-und Heimwerkerm�rkte
V2sfga9fwgmwpFELSWrQCw	La Casetta del Caff�
V3uUrc-aM1z5TCersU_RSQ	Annas schnelle Wunder K�che
V8oiNG50dqpSlWdencpHqw	Hergard Kindermoden
V_covJrJEmKoj8qTE-sfgw	Universum-City
va1Mky2PWLHnRNWn8DKkkw	Caf� Sani
VaTVq_DMtcu38LrHcxdvLw	Gastst�tte Braust�ble
VaXpkWMusOM9uCcQoGGUXw	Papier Fischer
VBKXWU30nlsj7ivKBlvq6w	Friseur am Marktplatz Sigrid Merz
vBOOyfb6stKNQmz3gFYpSA	Pinkoko
vcvXl_EBMAO5ogIEApkfwA	Cafe Palaver
ve7DN5QQtIx7mX2ZiBT3aw	Pension Anita Subeit
VEa1bofX2Lx1Tucw0zEg3Q	Metzgerei Heiko Brath
vEy1UvNHkbPhXBamBWK43w	Aldi
vgAl99QbSRg48FFBRk1gKg	Kammertheater
Vj3Dvf9OwTrEZiOzpwr4-w	Cantina Majolika
VjUooAwjEk8kNf4RAasxdg	Cubanita
vkFC4achkRF1B1ank-Hesg	Kaffee R�stbar
VkXW8B9SSJJkLZoj-tnEvg	My Heart Beats Vegan
vnYeVzgrdfxmkhiQfotJJA	Oberm�hle
VP_gLCwB9tfiatdz2m0zPA	Max Rubner-Institut
VPGbUwQa3enU1ic7ntND7A	Audi Zentrum Karlsruhe
vrQMMH_VuNExMbUDMSuU-A	LAGO
Vu5RhYLqBigUSXHrQbdpTQ	Friseurstyle Forum
vuczGNr6J88hTboUQQSh_w	Knolli - Chicken & Chips
vV7GV80je6uwWI-d4AYQEw	Marien-Apotheke am Bahnhof
VXdS6bj2V-Bh3V7WLpbSgg	Therme Vierordtbad
W2RFJg1N_MzuI8I42MQ2VA	Heinrich Heine
w77OpJidFdGAUTs1TJ7E2w	Copy 90 - Digitaldruck
W_iPq6VOpMwAzEfqr0WLfw	Karl Schmitt & Co Bahnhofsbuchhandlungen
W-_1qQ6B8XXAAUs3v1-4oQ	Hotel Rio
W-JfMG8YsOk7EpwqOKOHdg	AKK
W-Wl0bCoetWp4f98DJ7iiA	Kim Fat
wb_EtII5_-kMzYGFC6cD1Q	Die Pinte
wbw8qLswN1fjzL25OrXw0g	Creed Club
wcDIREqhp_M8MFb7jRUkuA	Goldenes Horn
Wee6twJlL64BuE-QKhTHDw	Allvitalis Cocktailbar
wefS54RONhAHbY9CreX4Hw	Xxxl Mann Mobilia
WEWNWZ9Jgu5rdTz-Wm6j-Q	Zum Eisenbahnlandwirt Fattoria da Federico
WF050Paitkk6zu1nYvxnfQ	dierollendenfriseure.de
WFvTk1sfSHMLCQkxzk0jlg	Karstadt
wheuLBEzZQ-my4gNt7aPUg	Die Kurbel
WhuwyDN8C6dOGsgcdXA3Xw	Vapiano
WIZor-PCkR7ZnSIw7FtdQA	Church Chill
wlpEw_wjXNqmwzMw4Trv-g	�zge Imbiss
wnvR-kWXT0q9fKk-yQYqOA	Laserbase
Wo5kOFvtYYP1euhiAJav-w	Casa Rustica
WOtB-YXdiiWKGk8nOVdTZA	Hong Lac
WPhNbOH_AocROquwLMDl1A	Aposto
wrx5vY6gRznXwn_XKgRrwQ	Kart& Eventcenter
WS1tXjucYwsln41EnK6gJw	M112
wSGnhcKdwG0HdyxNhJPm4Q	Cafe Dom
wsVODOOumODjVywjxNQjdw	Paradigma Energie - und Umwelttechnik
wuOcusxzLQBMwucKp1OTUw	Sport- und SchwimmClub Karlsruh
WUV8x3y7LdX-bpLyNrWnrQ	Royal Kebab
wwTIhfgZRwYJuyygUQ3WAw	Mevlana
wyWZ8KrGYv5rULfxTfauYQ	Topsy - Cocktailbar
WZ_9uk01YHE9Blc8WrK_ZA	Freibad R�ppurr
X2ZBdPEgnrv34ygFRq0W2A	Ettlinger Tor
X3G0dgXKUuwWTGQftOV6qQ	Restaurant Sonnenbad
X3Tkf5L3966mwPL_FJ5d4g	Szenarium
XcAPlAy9JANXI7sGXAkSpg	Adria
xCmGSQ4evtMcLUe8LJRYnw	Asia Food
XCPhxkTG4C7BnLIeewPwUA	Katakombe
xCUUzCt4EqRiVrsFl6hiYQ	Salmen
Xd0RmBnBrogo0LETOm3ddA	Eiscafe Dolomiti
xDgwDsrhS3S4Jb25qW2vZA	Cafe Bohne
xeZv-LeNe8gw8enVQL4zGQ	Zahnarzt Tobias Ruder
Xf2k52tRHvLt5Ji6dZJMlQ	Hotel Am Markt
xFENYZF63fiV00uaNlB9VA	Die Stadtmitte
XghrOWeNSu24EaRhfDpGcg	City Partner Hotel Berliner Hof
xGY-VLTZMWG-nVdn5yRorQ	Leonardo Espressobar
XIikFKubRRURUqQKNs29AQ	Schauburg Kino
Xip3lJW6qUXCWoP8ieGF7g	Bar Milano
XJGMtkWT1d-SFYQlkYOXJA	Gummi-B�ren-Land
XjueQh8rz0RiUWCUzGYY-A	EL 29
XjvhtBnGVEHeB-jzRrE7Fg	Rubenbauer
xk7mi7FGWL2UeQekjie--g	Walk'sches Haus
xkHfkj1MjALGf-rOjTkTJQ	Hoepfner Treff
Xl2vFM_dc7bLsriiyKzTZw	Sonne
xljcv1ceFxU4HtMxVnby_g	Joes Hasen
XlytpM7Y7EIMrqy3gK2xjg	Schloss Karlsruhe
XN7BBS6Ol6vB5Rr7dRpYZw	Tragware
XOfQK8EptEGG6DEQGTIfZw	Tony's Pizzeria
xOHV4QKNn_9FH7gslunbEQ	Seilerei
xoIZ1OqEQyDRx5ppyL8Z1w	Sockenschuss
XOzf-Nn9W_TIT7YlSTQpnQ	Edeka
Xqyxw2wPAb9hnMc6aWTmxQ	Punjab
XtaO8ZryRE-cp7fvWP1xdw	Athen Palast
Xx6npDqT7zPufnGubcLlSQ	Zum Griechen
xYMNYPWBbrtYihJJ4n14vQ	El Greco
xzucDze4qdMbBNlf4WIM6g	Badische Backstub
Y2ClurK-CH47qiaxwyu4WQ	Gastst�tte Die Kippe
Y3I5Zg3PxiO60qGti2SM-w	Globus Baumarkt
y4Y_PFthmrdSZuJH6Jl9GQ	Foot Locker
Y5KYnewS-fsmgbXpS67wbA	Lamm
y270_EUXpJKxlDE5LFr-CA	Beerdigungsinstitut Gonther
y_qmQDXa5ve9zdOd46P7Zw	Pizza Da Roberto
Y-pLdTgWBbzjvGeEwliGzw	Pizza  D�ner Litfa�
yAvKBD9f54Mncwqd_DRDIg	La Cage
yC1SA1PmDTZjuc6D8FMp_w	Schwitzer's Hotel Am Park
YEbtpJvUrdzwpMneGIuRGw	Gr�tzinger Pizza- und Kebab Haus
YEFiDsEOdEBbbQVgkIg8_g	Caf� Brenner
yGgSNX8uJ6cKJQzLfmIjIQ	Das Kino Kinemathek Karlsruhe e.V. Kasse
YiGyXgA9lAFFZcu_JkP0qw	real,-
yJ0BlRamJw1SROzx5O4FSQ	G�stehaus Kaiserpassage
yKA1moKJGHg_XNHmEfmigQ	Weihnachtsmarkt am Marktplatz
YONT5EFwfR0i2St1lU7SpA	Autohaus Streit
yqPt0KX2PmJjjJ_FB48r3g	Best-Imbiss
yszLaYWs06eEc2ZcsK02aQ	Praxis f�r Fachfu�pflege
yT2lyh79mSDSQaKR7JCMfw	Diakonissen-Krankenhaus Akademisches Lehrkrankenhaus
YTnPEttnoV_syCBU_oqP4w	CAP
yVLlsYh3UOFZMBFgqlWxJA	La Cubanita
YWAJKGTZbpIKUOhHCBzMGw	Restaurant garbo
YWp1E5ZBJQhlbgbDhS6zcw	Karstadt sports
YylCWByGj96aKdMg5rXaPw	Alex
yZpwR6FB0jSd8TlfoX3LaA	Metro
yzujxM_HrrNB3dri5SX18Q	Gr�ner Baum
z1eBRYqP3VjQwuu0HbjDjw	Cafe Pan
Z2z3OKOAIFv1rLSBFYr6lw	China-Restaurant King Seng
Z6Sn4cSiFt5Fw4aznUjJsA	HNO-Praxis Andreas Scherer
z7KdYRdwLG9O8oL89cxmug	Restaurant Villa Hammerschmiede
Za_v4P5dEdOFkGFvVgzg7A	Bollywood Curryhaus
Zca_8faK0kYwPrchOchK7g	Weinhaus D�rflinger
zCCSkDIz7KUHoDDdN64L7Q	Indian Curry Haus
zCVSAxJF62U8kZ8uUKA6Ug	Multi Kulti
zd79xkJ8xqQcU26zsf8IrQ	B�ckerei Weber
ZdR3HDqMyBeDtQJUEQJRkw	Hotel Der Blaue Reiter GmbH und Co. KG
zEgusBF95RMBH2NP6X-3NQ	Weinlade Am Gutenbergplatz
ZgBGrt_faLaLk273rEyRdA	La Villetta Cucina Mediterranea
ZH7cL8waFurNpZ3B9yFnog	Gutenbergplatz
ZhVdaEgFDO8Mg6ycyGklKw	Augen�rztin Praxis Angela Wippermann
zik3Lj994wNXYkYoK1PqKQ	M�max
ZIoJzo1Sv9MkwuZ9L1AxDg	Riviera
zlLkLxf0VRs05kmdKLoQ6Q	Kebap Express
zM5wAxEDbOMxDHllgDkTyg	A.T.U
zM64LVtsIiPojs1SBECBNA	Ritter Stammhaus
ZnnkbDBP0km2m9mA2Nvbng	P�tisserie Ludwig
zp5mGqT0QQQHM1qRqxkywQ	Trattoria Art
Zp54x28yAHPObTYlfqNHrg	Carlos Cocktail Bar
zpMiSnjnr8tiLdQkIExWFw	Flott Autowaschbahn Marianne Molter
ZQ6HmK2N2EyP3EU-vtq6_Q	Da Vinci
zRBgEqzMrrlnya2_eeRHYA	Minerva Apotheke
ZuNZZsIId-0PIpTFQoWR8g	Bangkok Foodland
zUr4vwqXQvx2BW6w1DlDtA	Coffee Fellows
zUXC9zZApdSehZVbT7cgYg	Exil C�lner
zw0o_GpYMKzdRNikus_dpw	Restaurant Hellas
ZWBakQIVSnqIvigLt14p1w	Im Schlachthof
ZwguYsK83tel85bPkuURQQ	Restaurant Delphi
ZWiVg5Q_omqipa9gLJfwzQ	Ambassador
zzlpdQ2GPcXj7mo0lut3Vg	Nanu-Nana
zZMUjeW_fPtReXlXqRbnLw	Holzblasinstrumentenwerkstatt im Rock Shop
ZZPfV62S73wqtWhQxiBALg	Buhlsche M�hle
ZztjV9bUMfOYMF85X0M8AA	Weber
